/*******************************************************************************
REGULAR TABLES 
*******************************************************************************/
CREATE TABLE admins (
    admin_id            NUMBER              GENERATED ALWAYS AS IDENTITY PRIMARY KEY,
    password            VARCHAR2(100)       NOT NULL CHECK (LENGTH(password) > 0)
);

CREATE TABLE customers (
    customer_id         NUMBER              GENERATED ALWAYS AS IDENTITY PRIMARY KEY,
    password            VARCHAR2(100)       NOT NULL CHECK (LENGTH(password) > 1),
    firstname           VARCHAR2(100)       NOT NULL CHECK (LENGTH(firstname) > 0),
    lastname            VARCHAR2(100)       NOT NULL CHECK (LENGTH(lastname) > 0),
    email               VARCHAR2(100)       NOT NULL CHECK (LENGTH(email) > 0),
    address             VARCHAR2(100)       NOT NULL CHECK (LENGTH(address) > 0)
);

CREATE TABLE categories (
    category_id         NUMBER              GENERATED ALWAYS AS IDENTITY PRIMARY KEY,
    category            VARCHAR2(100)       NOT NULL CHECK (LENGTH(category) > 0)
);

CREATE TABLE warehouses (
    warehouse_id        NUMBER              GENERATED ALWAYS AS IDENTITY PRIMARY KEY,
    name                VARCHAR2(100)       NOT NULL CHECK (LENGTH(name) > 0),
    address             VARCHAR2(100)       NOT NULL CHECK (LENGTH(address) > 0)
);

CREATE TABLE products (
    product_id          NUMBER              GENERATED ALWAYS AS IDENTITY PRIMARY KEY,
    category_id         NUMBER              REFERENCES categories (category_id) ON DELETE CASCADE NOT NULL,
    name                VARCHAR2(100)       NOT NULL CHECK (LENGTH(name) > 0)
);

CREATE TABLE products_warehouses (
    warehouse_id        NUMBER              REFERENCES warehouses (warehouse_id) ON DELETE CASCADE NOT NULL,
    product_id          NUMBER              REFERENCES products (product_id) ON DELETE CASCADE NOT NULL,
    quantity            NUMBER(10)          NOT NULL CHECK (quantity >= 0)
);

CREATE TABLE stores (
    store_id            NUMBER              GENERATED ALWAYS AS IDENTITY PRIMARY KEY,
    name                VARCHAR2(100)       NOT NULL CHECK (LENGTH(name) > 0)
);

CREATE TABLE products_stores (
    product_id          NUMBER              REFERENCES  products (product_id) ON DELETE CASCADE NOT NULL,
    store_id            NUMBER              REFERENCES  stores (store_id) ON DELETE CASCADE NOT NULL ,
    price               NUMBER(10,2)        NOT NULL CHECK (price > 0)
);

CREATE TABLE orders (
    order_id            NUMBER              GENERATED ALWAYS AS IDENTITY PRIMARY KEY,
    customer_id         NUMBER              REFERENCES customers (customer_id) ON DELETE CASCADE NOT NULL,
    store_id            NUMBER              REFERENCES stores (store_id) ON DELETE CASCADE NOT NULL,
    order_date          DATE                DEFAULT SYSDATE NOT NULL
);

CREATE TABLE orders_products (
    order_id            NUMBER              REFERENCES orders (order_id) ON DELETE CASCADE NOT NULL,
    product_id          NUMBER              REFERENCES products (product_id) ON DELETE CASCADE NOT NULL,
    quantity            NUMBER(3)           NOT NULL CHECK (quantity > 0)
);

CREATE TABLE reviews (
    review_id           NUMBER              GENERATED ALWAYS AS IDENTITY PRIMARY KEY,
    customer_id         NUMBER              REFERENCES customers (customer_id) ON DELETE CASCADE NOT NULL,
    product_id          NUMBER              REFERENCES products (product_id) ON DELETE CASCADE NOT NULL,
    flags               NUMBER              DEFAULT 0 NOT NULL CHECK (flags > -1),
    rating              NUMBER              NOT NULL CHECK (rating >= 1 AND rating <= 5),
    description         VARCHAR2(30)        NOT NULL CHECK (LENGTH(description) > 0)
);

/*******************************************************************************
AUDIT TABLES
*******************************************************************************/
CREATE TABLE admins_audit (
    action              CHAR(6)             NOT NULL CHECK (action IN ('insert', 'update', 'delete')),
    audit_date          DATE                DEFAULT SYSDATE NOT NULL,
    admin_id           NUMBER               NOT NULL
);

CREATE TABLE customers_audit (
    action              CHAR(6)             NOT NULL CHECK (action IN ('insert', 'update', 'delete')),
    audit_date          DATE                DEFAULT SYSDATE NOT NULL,
    customer_id         NUMBER              NOT NULL
);

CREATE TABLE categories_audit (
    action              CHAR(6)             NOT NULL CHECK (action IN ('insert', 'update', 'delete')),
    audit_date          DATE                DEFAULT SYSDATE NOT NULL,
    category_id         NUMBER              NOT NULL
);

CREATE TABLE warehouses_audit (
    action              CHAR(6)             NOT NULL CHECK (action IN ('insert', 'update', 'delete')),
    audit_date          DATE                DEFAULT SYSDATE NOT NULL,
    warehouse_id        NUMBER              NOT NULL
);

CREATE TABLE products_audit (
    action              CHAR(6)             NOT NULL CHECK (action IN ('insert', 'update', 'delete')),
    audit_date          DATE                DEFAULT SYSDATE NOT NULL,
    product_id          NUMBER              NOT NULL
);

CREATE TABLE products_warehouses_audit (
    action              CHAR(6)             NOT NULL CHECK (action IN ('insert', 'update', 'delete')),
    audit_date          DATE                DEFAULT SYSDATE NOT NULL,
    product_id          NUMBER              NOT NULL,
    warehouse_id        NUMBER              NOT NULL
);

CREATE TABLE stores_audit (
    action              CHAR(6)             NOT NULL CHECK (action IN ('insert', 'update', 'delete')),
    audit_date          DATE                DEFAULT SYSDATE NOT NULL,
    store_id            NUMBER              NOT NULL
);

CREATE TABLE products_stores_audit (
    action              CHAR(6)             NOT NULL CHECK (action IN ('insert', 'update', 'delete')),
    audit_date          DATE                DEFAULT SYSDATE NOT NULL,
    store_id            NUMBER              NOT NULL,
    product_id          NUMBER              NOT NULL
);

CREATE TABLE orders_audit (
    action              CHAR(6)             NOT NULL CHECK (action IN ('insert', 'update', 'delete')),
    audit_date          DATE                DEFAULT SYSDATE NOT NULL,
    order_id            NUMBER              NOT NULL
);

CREATE TABLE orders_products_audit (
    action              CHAR(6)             NOT NULL CHECK (action IN ('insert', 'update', 'delete')),
    audit_date          DATE                DEFAULT SYSDATE NOT NULL,
    order_id            NUMBER              NOT NULL,
    product_id          NUMBER              NOT NULL
);

CREATE TABLE reviews_audit (
    action              CHAR(6)             NOT NULL CHECK (action IN ('insert', 'update', 'delete')),
    audit_date          DATE                DEFAULT SYSDATE NOT NULL,
    review_id           NUMBER              NOT NULL
);

/*******************************************************************************
AUDIT TRIGGERS
*******************************************************************************/
CREATE TRIGGER admins_audit_log 
AFTER INSERT OR UPDATE OR DELETE 
ON admins
FOR EACH ROW
BEGIN 
    IF INSERTING THEN 
        INSERT INTO admins_audit (action, admin_id) VALUES ('insert', :NEW.admin_id);
    ELSIF UPDATING THEN 
        INSERT INTO admins_audit (action, admin_id) VALUES ('update', :NEW.admin_id);
    ELSIF DELETING THEN 
        INSERT INTO admins_audit (action, admin_id) VALUES ('delete', :OLD.admin_id);
    END IF;
END;
/

CREATE TRIGGER customers_audit_log 
AFTER INSERT OR UPDATE OR DELETE 
ON customers 
FOR EACH ROW
BEGIN 
    IF INSERTING THEN 
        INSERT INTO customers_audit (action, customer_id) VALUES ('insert', :NEW.customer_id);
    ELSIF UPDATING THEN 
        INSERT INTO customers_audit (action, customer_id) VALUES ('update', :NEW.customer_id);
    ELSIF DELETING THEN 
        INSERT INTO customers_audit (action, customer_id) VALUES ('delete', :OLD.customer_id);
    END IF;
END;
/

CREATE TRIGGER categories_audit_log 
AFTER INSERT OR UPDATE OR DELETE 
ON categories 
FOR EACH ROW
BEGIN 
    IF INSERTING THEN 
        INSERT INTO categories_audit (action, category_id) VALUES ('insert', :NEW.category_id);
    ELSIF UPDATING THEN 
        INSERT INTO categories_audit (action, category_id) VALUES ('update', :NEW.category_id);
    ELSIF DELETING THEN 
        INSERT INTO categories_audit (action, category_id) VALUES ('update', :OLD.category_id);
    END IF;
END;    
/

CREATE TRIGGER warehouses_audit_log 
AFTER INSERT OR UPDATE OR DELETE 
ON warehouses 
FOR EACH ROW
BEGIN 
    IF INSERTING THEN 
        INSERT INTO warehouses_audit (action, warehouse_id) VALUES ('insert', :NEW.warehouse_id);
    ELSIF UPDATING THEN 
        INSERT INTO warehouses_audit (action, warehouse_id) VALUES ('update', :NEW.warehouse_id);
    ELSIF DELETING THEN 
        INSERT INTO warehouses_audit (action, warehouse_id) VALUES ('delete', :OLD.warehouse_id);
    END IF;
END;
/

CREATE TRIGGER products_audit_log 
AFTER INSERT OR UPDATE OR DELETE 
ON products 
FOR EACH ROW
BEGIN 
    IF INSERTING THEN 
        INSERT INTO products_audit (action, product_id) VALUES ('insert', :NEW.product_id);
    ELSIF UPDATING THEN 
        INSERT INTO products_audit (action, product_id) VALUES ('update', :NEW.product_id);
    ELSIF DELETING THEN 
        INSERT INTO products_audit (action, product_id) VALUES ('delete', :OLD.product_id);
    END IF;
END;
/

CREATE TRIGGER products_warehouses_audit_log 
AFTER INSERT OR UPDATE OR DELETE 
ON products_warehouses 
FOR EACH ROW
BEGIN 
    IF INSERTING THEN 
        INSERT INTO products_warehouses_audit (action, product_id, warehouse_id) VALUES ('insert', :NEW.product_id, :NEW.warehouse_id);
    ELSIF UPDATING THEN 
        INSERT INTO products_warehouses_audit (action, product_id, warehouse_id) VALUES ('update', :NEW.product_id, :NEW.warehouse_id);
    ELSIF DELETING THEN 
        INSERT INTO products_warehouses_audit (action, product_id, warehouse_id) VALUES ('update', :OLD.product_id, :OLD.warehouse_id);
    END IF;
END;
/

CREATE TRIGGER stores_audit_log 
AFTER INSERT OR UPDATE OR DELETE 
ON stores 
FOR EACH ROW 
BEGIN 
    IF INSERTING THEN 
        INSERT INTO stores_audit (action, store_id)VALUES ('insert', :NEW.store_id);
    ELSIF UPDATING THEN 
        INSERT INTO stores_audit (action, store_id) VALUES ('update', :NEW.store_id);
    ELSIF DELETING THEN 
        INSERT INTO stores_audit (action, store_id) VALUES ('update', :OLD.store_id);
    END IF;
END;
/

CREATE TRIGGER products_stores_audit_log 
AFTER INSERT OR UPDATE OR DELETE 
ON products_stores 
FOR EACH ROW 
BEGIN 
    IF INSERTING THEN 
        INSERT INTO products_stores_audit (action, product_id, store_id) VALUES ('insert', :NEW.product_id, :NEW.store_id);
    ELSIF UPDATING THEN 
        INSERT INTO products_stores_audit (action, product_id, store_id) VALUES ('update', :NEW.product_id, :NEW.store_id);
    ELSIF DELETING THEN 
        INSERT INTO products_stores_audit (action, product_id, store_id) VALUES ('update', :OLD.product_id, :OLD.store_id);
    END IF;
END;
/

CREATE TRIGGER orders_audit_log 
AFTER INSERT OR DELETE 
ON orders 
FOR EACH ROW
BEGIN 
    IF INSERTING THEN 
        INSERT INTO orders_audit (action, order_id) VALUES ('insert', :NEW.order_id);
    ELSIF UPDATING THEN 
        INSERT INTO orders_audit (action, order_id) VALUES ('update', :NEW.order_id);
    ELSIF DELETING THEN 
        INSERT INTO orders_audit (action, order_id) VALUES ('update', :OLD.order_id);
    END IF;
END;
/

CREATE TRIGGER orders_products_audit_log 
AFTER INSERT OR UPDATE OR DELETE 
ON orders_products
FOR EACH ROW
BEGIN 
    IF INSERTING THEN 
        INSERT INTO orders_products_audit (action, order_id, product_id) VALUES ('insert', :NEW.order_id, :NEW.product_id);
    ELSIF UPDATING THEN 
        INSERT INTO orders_products_audit (action, order_id, product_id) VALUES ('update', :NEW.order_id, :NEW.product_id);
    ELSIF DELETING THEN 
        INSERT INTO orders_products_audit (action, order_id, product_id) VALUES ('delete', :OLD.order_id, :OLD.product_id);
    END IF;
END;
/

CREATE TRIGGER reviews_audit_log 
AFTER INSERT OR UPDATE OR DELETE 
ON reviews 
FOR EACH ROW
BEGIN
    IF INSERTING THEN 
        INSERT INTO reviews_audit (action, review_id) VALUES ('insert', :NEW.review_id);
    ELSIF UPDATING THEN 
        INSERT INTO reviews_audit (action, review_id) VALUES ('update', :NEW.review_id);
    ELSIF DELETING THEN 
        INSERT INTO reviews_audit (action, review_id) VALUES ('update', :OLD.review_id);
    END IF;
END;
/

/*******************************************************************************
OBJECTS/TYPES
*******************************************************************************/
CREATE TYPE number_array IS VARRAY(100) OF NUMBER;
/

CREATE TYPE order_type AS OBJECT (
    customer    NUMBER,
    store       NUMBER,
    order_date  DATE
);
/

CREATE TYPE category_type AS OBJECT (
    category    VARCHAR2(100)
);
/

CREATE TYPE customer_type AS OBJECT (
    firstname       VARCHAR2(100),
    lastname        VARCHAR2(100),
    email           VARCHAR2(100),
    address         VARCHAR2(100),
    password        VARCHAR2(100)
);
/

CREATE TYPE product_type AS OBJECT (
    name        VARCHAR2(100),
    category    NUMBER
);
/

CREATE TYPE review_type AS OBJECT (
    customer        NUMBER,
    product         NUMBER,
    flags           NUMBER,
    rating          NUMBER,
    description     VARCHAR2(100)
);
/

CREATE TYPE store_type AS OBJECT (
    name    VARCHAR2(100)
);
/

CREATE TYPE warehouse_type AS OBJECT (
    name        VARCHAR2(100),
    address     VARCHAR2(100)
);
/

--/*******************************************************************************
--PACKAGES
--*******************************************************************************/
CREATE PACKAGE admin_pkg AS 
    FUNCTION login(id IN NUMBER, password IN VARCHAR2) RETURN NUMBER;
END admin_pkg;
/
CREATE PACKAGE BODY admin_pkg AS 
    -- Throws an error if an admin does not exist 
    -- id -> id of admin to look for
    PROCEDURE check_if_admin_exists(id IN NUMBER) AS 
        count_admin  NUMBER;
    BEGIN 
        IF id IS NULL THEN 
            RAISE_APPLICATION_ERROR(-20004, 'Customer id cannot be null');
        END IF;
        SELECT COUNT(*) INTO count_admin FROM admins WHERE admin_id = id;
        IF count_admin = 0 THEN 
            RAISE_APPLICATION_ERROR(-20004, 'Admin does not exist');
        END IF;
    END;
    
    -- Logs in an admin    
    -- id -> id of admin
    -- password -> password of admin 
    -- return -> 0 if login was successful, else 1
    FUNCTION login(id IN NUMBER, password IN VARCHAR2) RETURN NUMBER AS
        vpassword VARCHAR2(100);
    BEGIN 
        admin_pkg.check_if_admin_exists(id);
        SELECT password INTO vpassword FROM admins WHERE admin_id = id;
        IF vpassword = password THEN 
            RETURN 0;
        ELSE 
            RETURN 1;
        END IF;
    END;
END admin_pkg;
/

CREATE PACKAGE category_pkg AS 
    invalid_category EXCEPTION;
    PRAGMA EXCEPTION_INIT(invalid_category, -20006);
    PROCEDURE check_if_category_exists(id IN NUMBER);
    PROCEDURE create_category(category IN category_type);
    PROCEDURE update_category(id IN NUMBER, vcategory IN VARCHAR2);
    PROCEDURE delete_category(id IN NUMBER);
    FUNCTION get_category(id IN NUMBER) RETURN category_type;
    FUNCTION get_categories RETURN number_array;
    PROCEDURE customer_update_info(vcustomer IN customer_pkg, id in NUMBER)
END category_pkg;
/
CREATE PACKAGE BODY category_pkg AS 
    -- Checks if a category exists, else raise an exception
    -- id -> id of the category to find
    PROCEDURE check_if_category_exists(id IN NUMBER) AS 
        count_category NUMBER;
    BEGIN 
        IF id IS NULL THEN 
            RAISE_APPLICATION_ERROR(-20006, 'Category id cannot be null');
        END IF;
        SELECT COUNT(*) INTO count_category FROM categories 
        WHERE category_id = id;
        IF count_category = 0 THEN 
            RAISE_APPLICATION_ERROR(-20006, 'Category does not exist');
        END IF;
    END;

    -- Creates a new category
    -- category -> object with category info
    PROCEDURE create_category(category IN category_type) AS 
    BEGIN
        IF category.category IS NULL THEN 
            RAISE_APPLICATION_ERROR(-20006, 'Category cannot be null');
        END IF;
        INSERT INTO categories (category) VALUES (category.category);
    END;
    
    -- updates a category
    -- id -> id of the category to update
    -- vcategory -> new category name 
    PROCEDURE update_category(id IN NUMBER, vcategory IN VARCHAR2) AS
    BEGIN 
        category_pkg.check_if_category_exists(id);
        IF vcategory IS NULL THEN 
            RAISE_APPLICATION_ERROR(-20006, 'Category cannot be null');
        END IF;
        UPDATE categories SET category = vcategory 
        WHERE category_id = id;
    END;
    
    -- deletes a category
    -- id -> id of category to delete
    PROCEDURE delete_category(id IN NUMBER) AS
    BEGIN 
        category_pkg.check_if_category_exists(id);
        DELETE FROM categories WHERE category_id = id;
    END;
    
    -- gets all the categories
    -- return -> id of each category
    FUNCTION get_categories RETURN number_array AS
        count_category NUMBER;
        categorie_arr number_array;
    BEGIN 
        categorie_arr := number_array();
        SELECT category_id BULK COLLECT INTO categorie_arr FROM categories;
        IF categorie_arr.COUNT = 0 THEN  
            RAISE_APPLICATION_ERROR(-20006, 'No categories to find !');
        END IF;
        RETURN categorie_arr;
    END;
    
    -- gets a category
    -- id -> id of category to get
    -- return -> category object
    FUNCTION get_category (id IN NUMBER) RETURN category_type AS
        vcategory VARCHAR2(100);
    BEGIN 
        category_pkg.check_if_category_exists(id);
        SELECT category INTO vcategory FROM categories WHERE category_id = id;
        RETURN category_type(vcategory);
    END;
END category_pkg;
/

CREATE PACKAGE customer_pkg AS 
    invalid_customer EXCEPTION;
    PRAGMA EXCEPTION_INIT(invalid_customer, -20004);
    PROCEDURE check_if_customer_exists(id IN NUMBER);
    FUNCTION login(id IN NUMBER, password IN VARCHAR2) RETURN customer_type;
    FUNCTION get_customers RETURN number_array;
    FUNCTION get_customer_by_id(id IN NUMBER) RETURN customer_type;
END customer_pkg;
/
CREATE PACKAGE BODY customer_pkg AS 
    -- raises error is customer does not exist
    -- id -> id of customer to check
    PROCEDURE check_if_customer_exists(id IN NUMBER) AS 
        count_cust  NUMBER;
    BEGIN 
        IF id IS NULL THEN 
            RAISE_APPLICATION_ERROR(-20004, 'Customer id cannot be null');
        END IF;
        SELECT COUNT(*) INTO count_cust FROM customers WHERE customer_id = id;
        IF count_cust = 0 THEN 
            RAISE_APPLICATION_ERROR(-20004, 'Customer does not exist');
        END IF;
    END;
    
    -- logs in a customer
    -- id -> id of customer
    -- password -> password of customer
    -- return -> customer object
    FUNCTION login(id IN NUMBER, password IN VARCHAR2) RETURN customer_type AS 
        fn  VARCHAR2(100);
        ln  VARCHAR2(100);
        vemail VARCHAR2(100);
        vaddr VARCHAR2(100);
        vpassword VARCHAR2(100);
    BEGIN 
        customer_pkg.check_if_customer_exists(id);
        SELECT firstname, lastname, email, address, password 
        INTO fn, ln, vemail, vaddr, vpassword
        FROM customers WHERE customer_id = id;
        IF password <> vpassword THEN 
            RAISE_APPLICATION_ERROR(-20004, 'Wrong password');
        END IF; 
        RETURN customer_type(fn, ln, vemail, vaddr, vpassword);
    END;

    -- gets all customers
    -- return -> all id's of customers
    FUNCTION get_customers RETURN number_array AS
        cust_ids number_array;
    BEGIN 
        cust_ids := number_array();
        SELECT customer_id BULK COLLECT INTO cust_ids FROM customers;
        IF cust_ids.COUNT = 0 THEN 
            RAISE_APPLICATION_ERROR(-20004, 'No customers to be found');
        END IF;
        RETURN cust_ids;
    END;

    -- gets customer by id
    -- id -> id of customer to get
    -- return -> customer object
    FUNCTION get_customer_by_id(id IN NUMBER) RETURN customer_type AS 
        vfname      VARCHAR2(100);
        vlname      VARCHAR2(100);
        vemail      VARCHAR2(100);
        vaddress    VARCHAR2(100); 
    BEGIN 
        customer_pkg.check_if_customer_exists(id);
        SELECT firstname, lastname, email, address 
        INTO vfname, vlname, vemail, vaddress FROM customers
        WHERE customer_id = id;
        RETURN customer_type(vfname, vlname, vemail, vaddress, '');
    END;

    -- updates a customer
    -- vcustomer -> customer object with new info
    -- id -> id of customer to update
    PROCEDURE customer_update_info(vcustomer IN customer_type, id in NUMBER) AS
    BEGIN
        IF id IS NULL THEN 
            RAISE_APPLICATION_ERROR(-20004, 'Customer id cannot be null');
        END IF;
        UPDATE customers SET password = vcustomer.password, firstname= vcustomer.firstname,
        lastname = vcustomer.lastname, email= vcustomer.email, address = vcustomer.address
        WHERE customer_id= id;    
    END;        
END customer_pkg;
/

CREATE PACKAGE product_pkg AS 
    invalid_product EXCEPTION;
    PRAGMA EXCEPTION_INIT(invalid_product, -20005);    
    PROCEDURE check_if_product_exists(id IN NUMBER);
    PROCEDURE create_product(product IN product_type);
    PROCEDURE update_product(id IN NUMBER, product IN product_type);
    PROCEDURE delete_product(id IN NUMBER);
    FUNCTION get_product(id IN NUMBER) RETURN product_type;
    FUNCTION get_products RETURN number_array;
END product_pkg;
/
CREATE PACKAGE BODY product_pkg AS 
    -- checks if product exists, else raise exception
    -- id -> id of product to check
    PROCEDURE check_if_product_exists(id IN NUMBER) AS
        count_prod  NUMBER;
    BEGIN 
        IF id IS NULL THEN 
            RAISE_APPLICATION_ERROR(-20005, 'Product id cannot be null');
        END IF;
        SELECT COUNT(*) INTO count_prod FROM products WHERE product_id = id;
        IF count_prod = 0 THEN 
            RAISE_APPLICATION_ERROR(-20005, 'Product does not exist');
        END IF;
    END;
    
    -- creates a product
    -- product -> product object
    PROCEDURE create_product(product IN product_type) AS 
    BEGIN 
        category_pkg.check_if_category_exists(product.category);
        IF product.name IS NULL THEN
            RAISE_APPLICATION_ERROR(-20005, 'Product name cannot be null');
        END IF;
        IF LENGTH(product.name) NOT BETWEEN 1 AND 100 THEN 
            RAISE_APPLICATION_ERROR(-20005, 'Product name must be between 1 and 100 characters');
        END IF;
        INSERT INTO products (name, category_id) VALUES (product.name, product.category);
    END;
    
    -- updates a product
    -- id -> id of product to update
    -- product -> product object
    PROCEDURE update_product(id IN NUMBER, product IN product_type) AS 
    BEGIN 
        product_pkg.check_if_product_exists(id);
        category_pkg.check_if_category_exists(product.category);
        IF product.name IS NULL THEN
            RAISE_APPLICATION_ERROR(-20005, 'Product name cannot be null');
        END IF;
        IF LENGTH(product.name) NOT BETWEEN 1 AND 100 THEN 
            RAISE_APPLICATION_ERROR(-20005, 'Product name must be between 1 and 100 characters');
        END IF;
        UPDATE products SET name = product.name, category_id = product.category 
        WHERE product_id = id;
    END;
    
    -- deletes a product 
    -- id -> id of product to delete
    PROCEDURE delete_product(id IN NUMBER) AS
    BEGIN 
        product_pkg.check_if_product_exists(id);
        DELETE FROM products WHERE product_id = id;
    END;

    -- gets a product by id
    -- id -> id of product to get
    -- return -> product object
    FUNCTION get_product(id IN NUMBER) RETURN product_type AS 
        vname VARCHAR2(100);
        category NUMBER;
    BEGIN 
        product_pkg.check_if_product_exists(id);
        SELECT name, category_id INTO vname, category FROM products 
        WHERE product_id = id;
        RETURN product_type(vname, category);
    END;
    
    -- gets all products
    -- return -> all id's of products
    FUNCTION get_products RETURN number_array AS
        product_arr number_array;
        count_prod NUMBER;
    BEGIN 
        product_arr := number_array();
        SELECT COUNT(*) INTO count_prod FROM products;
        IF count_prod = 0 THEN 
            RAISE_APPLICATION_ERROR(-20005, 'No products to fetch !');
        END IF;
        SELECT product_id BULK COLLECT INTO product_arr FROM products;
        RETURN product_arr;
    END;
END product_pkg;
/

CREATE PACKAGE store_pkg AS 
    invalid_store EXCEPTION;
    PRAGMA EXCEPTION_INIT(invalid_store, -20003);    
    PROCEDURE check_if_store_exists(id IN NUMBER);
    PROCEDURE create_store(store IN store_type);
    PROCEDURE update_store(id IN NUMBER, vname IN VARCHAR2);
    PROCEDURE delete_store(id IN NUMBER);
    PROCEDURE create_price(vstoreid IN NUMBER, vproductid IN NUMBER, vprice IN NUMBER);
    PROCEDURE update_price(vstoreid IN NUMBER, vproductid IN NUMBER, vprice IN NUMBER);
    FUNCTION get_price_of_product(prodid IN NUMBER, storeid IN NUMBER) RETURN NUMBER;
    FUNCTION get_store(vstoreid IN NUMBER) RETURN store_type;
    FUNCTION get_stores RETURN number_array;
END store_pkg;
/
CREATE PACKAGE BODY store_pkg AS 
    -- check if store exist
    -- id -> id of store to check
    PROCEDURE check_if_store_exists(id IN NUMBER) AS 
        count_store NUMBER;
    BEGIN 
        IF id IS NULL THEN 
            RAISE_APPLICATION_ERROR(-20003, 'Store id cannot be null');
        END IF;
        SELECT COUNT(*) INTO count_store FROM stores WHERE store_id = id;
        IF count_store = 0 THEN 
            RAISE_APPLICATION_ERROR(-20003, 'Store does not exist');
        END IF;
    END;
    
    -- creates a store
    -- store -> store object
    PROCEDURE create_store(store IN store_type) AS 
    BEGIN 
        IF store.name IS NULL THEN 
            RAISE_APPLICATION_ERROR(-20003, 'Store name cannot be null');
        END IF;
        IF LENGTH(store.name) NOT BETWEEN 1 AND 100 THEN 
            RAISE_APPLICATION_ERROR(-20003, 'Name of store must be between 1 and 100 characters');
        END IF;
        INSERT INTO stores (name) VALUES (store.name);
    END;
    
    -- updates a store
    -- id -> id of store to update
    -- vname -> new name of store
    PROCEDURE update_store(id IN NUMBER, vname IN VARCHAR2) AS
    BEGIN 
        store_pkg.check_if_store_exists(id);
        IF vname IS NULL THEN 
            RAISE_APPLICATION_ERROR(-20003, 'Store name cannot be null');
        END IF;
        IF LENGTH(vname) NOT BETWEEN 1 AND 100 THEN 
            RAISE_APPLICATION_ERROR(-20003, 'Name of store must be between 1 and 100 characters');
        END IF;
        UPDATE stores SET name = vname WHERE store_id = id;
    END;
    
    -- deletes a store
    -- id -> id of store to delete
    PROCEDURE delete_store(id IN NUMBER) AS
    BEGIN 
        store_pkg.check_if_store_exists(id);
        DELETE FROM stores WHERE store_id = id;
    END;
    
    -- creates the price of a product at a store
    -- vstoreid -> id of store to insert product price
    -- vproductid -> id of product to price
    -- vprice => price of product at store
    PROCEDURE create_price(vstoreid IN NUMBER, vproductid IN NUMBER, vprice IN NUMBER) AS
    BEGIN 
        store_pkg.check_if_store_exists(vstoreid);
        product_pkg.check_if_product_exists(vproductid);
        IF vprice <= 0 THEN 
            RAISE_APPLICATION_ERROR(-20003, 'Price cannot be equal to or lower than 0');
        END IF;
        INSERT INTO products_stores (store_id, product_id, price) VALUES (vstoreid, vproductid, vprice);
        EXCEPTION 
            WHEN value_error THEN 
                RAISE_APPLICATION_ERROR(-20003, 'Price is invalid, try another number');
    END;
        
    -- same as create_price, exception we update the price at a store for a product
    PROCEDURE update_price(vstoreid IN NUMBER, vproductid IN NUMBER, vprice IN NUMBER) AS
    BEGIN 
        store_pkg.check_if_store_exists(vstoreid);
        product_pkg.check_if_product_exists(vproductid);
        IF vprice <= 0 THEN 
            RAISE_APPLICATION_ERROR(-20003, 'Price cannot be equal to or lower than 0');
        END IF;
        UPDATE products_stores SET price = vprice 
        WHERE store_id = vstoreid AND product_id = vproductid;
        EXCEPTION 
            WHEN value_error THEN 
                RAISE_APPLICATION_ERROR(-20003, 'Price is invalid, try another number');
    END;

    -- gets the price of a product at a store
    -- prodid -> id of product to get price
    -- storeid -> id of store to fetch price from
    FUNCTION get_price_of_product(prodid IN NUMBER, storeid IN NUMBER) RETURN NUMBER AS
        vprice NUMBER;
    BEGIN 
        product_pkg.check_if_product_exists(prodid);
        store_pkg.check_if_store_exists(storeid);
        SELECT price INTO vprice FROM products_stores ps
        WHERE ps.product_id = prodid AND ps.store_id = storeid;
        RETURN vprice;
    END;

    -- fetches a store
    -- vstoreid -> id of store
    -- return -> store object
    FUNCTION get_store(vstoreid IN NUMBER) RETURN store_type AS 
        vname VARCHAR2(100);
        store store_type;
    BEGIN 
        store_pkg.check_if_store_exists(vstoreid);
        SELECT name INTO vname FROM stores WHERE store_id = vstoreid;
        RETURN store_type(vname);
    END;
    
    -- gets all stores
    -- return -> id's of all stores
    FUNCTION get_stores RETURN number_array AS
        stores_arr number_array;
        count_stores NUMBER;
    BEGIN 
        stores_arr := number_array();
        SELECT COUNT(*) INTO count_stores FROM stores;
        IF count_stores = 0 THEN 
            RAISE_APPLICATION_ERROR(-20003, 'No stores to fetch !');
        END IF;
        SELECT store_id BULK COLLECT INTO stores_arr FROM stores;
        RETURN stores_arr;
    END;
END store_pkg;
/

CREATE PACKAGE order_pkg AS 
    depleted_stock EXCEPTION;
    invalid_order EXCEPTION;
    PRAGMA EXCEPTION_INIT(invalid_order, -20002);   
    PROCEDURE check_if_order_exists(id IN NUMBER);
    PROCEDURE create_order (vorder IN order_type, vorder_id OUT NUMBER);
    PROCEDURE insert_product_into_order(vorderid IN NUMBER, vprodid IN NUMBER, vquantity IN NUMBER);
    PROCEDURE delete_order (id IN NUMBER);
    FUNCTION get_order(id IN NUMBER) RETURN order_type; 
    FUNCTION get_customer_orders(id IN NUMBER) RETURN number_array;
    FUNCTION get_order_products(id IN NUMBER) RETURN number_array;
    FUNCTION get_order_product_quantity(vorderid IN NUMBER, vproductid IN NUMBER) RETURN NUMBER;
    FUNCTION price_order(order_number NUMBER) RETURN NUMBER;
END order_pkg;
/
CREATE PACKAGE BODY order_pkg AS 
    -- checks if order exists
    -- id -> order id to check
    PROCEDURE check_if_order_exists(id IN NUMBER) AS 
        count_order NUMBER;
    BEGIN
        IF id IS NULL THEN 
            RAISE_APPLICATION_ERROR(-20002, 'Order id cannot be null');
        END IF;
        SELECT COUNT(*) INTO count_order FROM orders WHERE order_id = id;
        IF count_order = 0 THEN 
            RAISE_APPLICATION_ERROR(-20002, 'Order does not exists');
        END IF;
    END;
    
    -- creates a order entry
    -- vorder -> order object
    -- vorder_id -> order id to return
    PROCEDURE create_order (vorder IN order_type, vorder_id OUT NUMBER) AS 
    BEGIN 
        customer_pkg.check_if_customer_exists(vorder.customer);
        store_pkg.check_if_store_exists(vorder.store);
        INSERT INTO orders (customer_id, store_id) 
        VALUES (vorder.customer, vorder.store) 
        RETURNING order_id INTO vorder_id;        
    END;
    
    -- inserts a product and it's quantity into an order
    -- vorderid -> order id to insert product into
    -- vprodid -> prodduct id to insert
    -- vquantity -> quantity of product
    PROCEDURE insert_product_into_order(vorderid IN NUMBER, vprodid IN NUMBER, vquantity IN NUMBER) AS 
    BEGIN 
        order_pkg.check_if_order_exists(vorderid);
        product_pkg.check_if_product_exists(vprodid);
        IF vquantity <= 0 THEN 
            RAISE_APPLICATION_ERROR(-20002, 'Quantity cannot be negative');
        END IF;
        INSERT INTO orders_products (order_id, product_id, quantity) 
        VALUES (vorderid, vprodid, vquantity);
        EXCEPTION 
            WHEN order_pkg.depleted_stock THEN 
                RAISE_APPLICATION_ERROR(-20002, 'This item is out of stock');
                ROLLBACK;
    END;

    -- deletes an order
    -- id -> id of order to delete
    PROCEDURE delete_order (id IN NUMBER) AS BEGIN 
        order_pkg.check_if_order_exists(id);
        DELETE FROM orders WHERE order_id = id;
    END;
    
    -- gets an order
    -- id -> id of order to get
    -- return -> order object
    FUNCTION get_order(id IN NUMBER) RETURN order_type AS 
        cust    NUMBER;
        store   NUMBER;
        odate   DATE;
    BEGIN 
        order_pkg.check_if_order_exists(id);
        SELECT customer_id, store_id, order_date 
        INTO cust, store, odate FROM orders WHERE order_id = id;
        RETURN order_type(cust, store, odate);
    END;
    
    -- gets all orders of a customer
    -- id -> customer id
    -- return -> order id's of customer
    FUNCTION get_customer_orders(id IN NUMBER) RETURN number_array 
    AS 
        order_arr number_array;
    BEGIN 
        customer_pkg.check_if_customer_exists(id);
        order_arr := number_array();
        SELECT order_id BULK COLLECT INTO order_arr FROM orders 
        WHERE customer_id = id;
        IF order_arr.COUNT = 0 THEN 
            RAISE_APPLICATION_ERROR(-20002, 'No order for this customer');
        END IF;
        RETURN order_arr;
    END;
    
    -- gets products within an order
    -- id -> order id
    -- return -> id's of products for an order
    FUNCTION get_order_products(id IN NUMBER) RETURN number_array AS
        prod_arr number_array;
    BEGIN 
        prod_arr := number_array();
        order_pkg.check_if_order_exists(id);
        SELECT product_id BULK COLLECT INTO prod_arr FROM orders_products 
        WHERE order_id = id;
        RETURN prod_arr;
    END;

    -- get the quantity of a product for an order
    -- vorderid -> order id 
    -- vproductid -> product to get quantity of
    -- return -> quantity of product in order
    FUNCTION get_order_product_quantity(vorderid IN NUMBER, vproductid IN NUMBER) RETURN NUMBER AS 
        quant NUMBER;
    BEGIN 
        SELECT quantity INTO quant FROM orders_products WHERE 
        order_id = vorderid AND product_id = vproductid;
        RETURN quant;
    END;

    -- gets total price of an order
    -- order_number -> order id to get total price of 
    FUNCTION price_order(order_number NUMBER) RETURN NUMBER AS 
        spent NUMBER;
    BEGIN 
        order_pkg.check_if_order_exists(order_number);
        SELECT SUM(ps.price * op.quantity) INTO spent FROM orders o
        INNER JOIN orders_products op ON o.order_id = op.order_id 
        INNER JOIN products p ON op.product_id = p.product_id
        INNER JOIN products_stores ps ON p.product_id = ps.product_id
        WHERE o.order_id = order_number;
        RETURN spent;
    END;
END order_pkg;
/

CREATE PACKAGE review_pkg AS
    invalid_review EXCEPTION;
    PRAGMA EXCEPTION_INIT(invalid_review, -20000);    
    PROCEDURE check_if_review_exists(id IN NUMBER);
    PROCEDURE create_review(review IN review_type);
    PROCEDURE update_review(id IN NUMBER, vrating IN NUMBER, vdescription IN VARCHAR2);
    PROCEDURE delete_review(id IN NUMBER);
    PROCEDURE delete_flagged_reviews;
    PROCEDURE flag_review(revid IN NUMBER);
    FUNCTION get_review(id IN NUMBER) RETURN review_type;
    FUNCTION get_all_reviews RETURN number_array;
    FUNCTION get_flagged_reviews RETURN number_array;
    FUNCTION get_review_for_product(id IN NUMBER) RETURN number_array;
END review_pkg;
/
CREATE PACKAGE BODY review_pkg AS 
    -- Verifies the existence of a review with the specified ID.
    -- id -> Review ID to be checked for existence
    PROCEDURE check_if_review_exists(id IN NUMBER) AS 
        count_review   NUMBER;
    BEGIN 
        IF id IS NULL THEN 
            RAISE_APPLICATION_ERROR(-20000, 'Review id cannot be null');
        END IF;
        SELECT COUNT(*) INTO count_review FROM reviews WHERE review_id = id;
        IF count_review = 0 THEN 
            RAISE_APPLICATION_ERROR(-20000, 'Review not found');
        END IF;
    END;

    -- Validates if the provided review is null.
    -- review -> IN  - Review of type review_type to be checked for null.
    PROCEDURE check_null(review IN review_type) AS 
    BEGIN 
        IF review.customer IS NULL OR review.product IS NULL 
                OR review.rating IS NULL
                OR review.description IS NULL THEN 
            RAISE_APPLICATION_ERROR(-20000, 'Review cannot have null values');
        END IF;
    END;

    -- Validates the provided rating value.
    -- vrating -> IN  - Rating value to be validated.
    PROCEDURE validate_rating(vrating IN NUMBER) AS
    BEGIN
        IF vrating NOT BETWEEN 1 AND 5 THEN 
            RAISE_APPLICATION_ERROR(-20000, 'Rating must be between 1 and 5');
        END IF;
    END;
    
    -- Validates the provided description string.
    -- vdescription -> IN  - Description string to be validated.
    PROCEDURE validate_description(vdescription IN VARCHAR2) AS
    BEGIN 
        IF LENGTH(vdescription) > 30 THEN 
            RAISE_APPLICATION_ERROR(-20000, 'Description is 30 characters max');
        END IF;
    END;
    
    -- Creates a new review based on the provided review data.
    -- review -> IN  - Review data of type review_type to be created.
    PROCEDURE create_review(review IN review_type) AS
        count_cust      NUMBER;
        count_prod      NUMBER;
    BEGIN 
        customer_pkg.check_if_customer_exists(review.customer);
        product_pkg.check_if_product_exists(review.product);
        review_pkg.check_null(review);
        review_pkg.validate_rating(review.rating);
        review_pkg.validate_description(review.description);
        INSERT INTO reviews (customer_id, product_id, rating, description)
        VALUES (review.customer, review.product, review.rating, 
            review.description);
    END;
    
    -- Updates an existing review with new rating and description values.
    -- id           -> IN  - ID of the review to be updated.
    -- vrating      -> IN  - New rating value for the review.
    -- vdescription -> IN  - New description for the review.
    PROCEDURE update_review(id IN NUMBER, vrating IN NUMBER, vdescription IN VARCHAR2) AS
        count_rev      NUMBER;
    BEGIN 
        review_pkg.check_if_review_exists(id);
        review_pkg.validate_rating(vrating);
        review_pkg.validate_description(vdescription);
        UPDATE reviews SET rating = vrating, description = vdescription
        WHERE review_id = id;
        EXCEPTION 
            WHEN others THEN 
                RAISE_APPLICATION_ERROR(-20000, 'Cannot update review');
    END;
    
    -- Deletes a review with the specified ID.
    -- id -> IN  - ID of the review to be deleted.
    PROCEDURE delete_review(id IN NUMBER) AS 
    BEGIN 
        review_pkg.check_if_review_exists(id);
        DELETE FROM reviews WHERE review_id = id;
    END;
    
    -- Deletes flagged reviews
    PROCEDURE delete_flagged_reviews AS 
    BEGIN 
        DELETE FROM reviews WHERE flags > 2;
    END;
    
    -- flags a review
    -- revevid -> id of review to flag
    PROCEDURE flag_review(revid IN NUMBER) AS
    BEGIN 
        review_pkg.check_if_review_exists(revid);
        UPDATE reviews SET flags = flags + 1 WHERE review_id = revid;
    END;

    
    -- Retrieves review data for the specified ID.
    -- id -> IN  - ID of the review to be retrieved.
    -- RETURN -> review_type - Data of type review_type for the specified review ID.
    FUNCTION get_review(id IN NUMBER) RETURN review_type AS 
        review          review_type;
        count_rev       NUMBER;
        custid          NUMBER;
        prodid          NUMBER;
        vflags          NUMBER;
        vrating         NUMBER;
        vdesc           VARCHAR2(30);
    BEGIN 
        review_pkg.check_if_review_exists(id);
        SELECT customer_id, product_id, flags, rating, description 
        INTO custid, prodid, vflags, vrating, vdesc 
        FROM reviews WHERE review_id = id;
        review := review_type(custid, prodid, vflags, vrating, vdesc);
        RETURN review;
    END;
    
    -- Retrieves an array of all review IDs.
    -- RETURN -> number_array - Array containing all review IDs.
    FUNCTION get_all_reviews RETURN number_array AS 
        reviews_arr number_array;
        num_reviews NUMBER;
    BEGIN 
        reviews_arr := number_array();
        SELECT review_id BULK COLLECT INTO reviews_arr FROM reviews;
        IF reviews_arr.COUNT = 0 THEN 
            RAISE_APPLICATION_ERROR(-20000, 'No reviews to get !');
        END IF;
        RETURN reviews_arr;
    END;
    
    -- Retrieves an array of IDs for flagged reviews.
    -- RETURN -> number_array - Array containing IDs of flagged reviews.
    FUNCTION get_flagged_reviews RETURN number_array AS
        reviews_arr number_array;
    BEGIN 
        reviews_arr := number_array();        
        SELECT review_id BULK COLLECT INTO reviews_arr FROM reviews WHERE flags > 2;
        IF reviews_arr.COUNT = 0 THEN 
            RAISE_APPLICATION_ERROR(-20000, 'No flagged reviews to be found');
        END IF;
        RETURN reviews_arr;
    END;
    
    -- Retrieves an array of review IDs for a specific product.
    -- id -> IN  - ID of the product for which reviews are retrieved.
    -- RETURN -> number_array - Array containing review IDs for the specified product.
    FUNCTION get_review_for_product(id IN NUMBER) RETURN number_array AS 
        review_arr number_array;
    BEGIN 
        review_arr := number_array();
        product_pkg.check_if_product_exists(id);
        SELECT review_id BULK COLLECT INTO review_arr FROM reviews 
        WHERE product_id = id;
        IF review_arr.COUNT = 0 THEN 
            RAISE_APPLICATION_ERROR(-20000, 'No reviews for that product !');
        END IF;
        RETURN review_arr;
    END;
END review_pkg;
/

CREATE PACKAGE warehouse_pkg AS 
    invalid_warehouse EXCEPTION;
    PRAGMA EXCEPTION_INIT(invalid_warehouse, -20001);    
    PROCEDURE check_if_warehouse_exists(id IN NUMBER);
    PROCEDURE create_warehouse(warehouse IN warehouse_type);
    PROCEDURE update_warehouse(id IN NUMBER, warehouse IN warehouse_type);
    PROCEDURE delete_warehouse(id IN NUMBER);
    PROCEDURE update_stock(vwarehouseid IN NUMBER, vproductid IN NUMBER, vquantity IN NUMBER);
    PROCEDURE insert_product_into_warehouse(vwarehouseid IN NUMBER, vproductid IN NUMBER, initial_quant IN NUMBER);
    FUNCTION get_warehouse(id IN NUMBER) RETURN warehouse_type;
    FUNCTION get_all_warehouses RETURN number_array;
    FUNCTION get_stock(id IN NUMBER) RETURN NUMBER;
END warehouse_pkg;
/
CREATE PACKAGE BODY warehouse_pkg AS
    -- Checks if a warehouse with the specified ID exists.
    -- id -> IN  - Warehouse ID to be checked for existence.
    PROCEDURE check_if_warehouse_exists(id IN NUMBER) AS
         count_warehouse     NUMBER;
    BEGIN 
        IF id IS NULL THEN 
            RAISE_APPLICATION_ERROR(-20001, 'Id cannot be null');
        END IF;
        SELECT COUNT(*) INTO count_warehouse FROM warehouses 
        WHERE warehouse_id = id;
        IF count_warehouse = 0 THEN 
            RAISE_APPLICATION_ERROR(-20001, 'Warehouse does not exist');
        END IF;
    END;
    
    PROCEDURE check_null(warehouse IN warehouse_type) AS 
    BEGIN 
        IF warehouse.name IS NULL OR warehouse.address IS NULL THEN 
            RAISE_APPLICATION_ERROR(-20001, 'Warehouse fields cannot be null');
        END IF;
    END;
    
    PROCEDURE check_len(warehouse IN warehouse_type) AS 
    BEGIN 
        IF LENGTH(warehouse.name)       NOT BETWEEN 1 AND 100 OR
           LENGTH(warehouse.address)    NOT BETWEEN 1 AND 100 
           THEN RAISE_APPLICATION_ERROR(
                -20001, 'Name/address must be between 1 and 100 charecters');
        END IF;
    END;
    
    -- Creates a new warehouse based on the provided warehouse data.
    -- warehouse -> IN  - Warehouse data of type warehouse_type to be created.
    PROCEDURE create_warehouse(warehouse IN warehouse_type) AS 
    BEGIN 
        warehouse_pkg.check_null(warehouse);
        warehouse_pkg.check_len(warehouse);
        INSERT INTO warehouses (name, address) 
        VALUES (warehouse.name, warehouse.address);
    END;
    
    -- Updates an existing warehouse with new data.
    -- id        -> IN  - ID of the warehouse to be updated.
    -- warehouse -> IN  - New warehouse data of type warehouse_type.
    PROCEDURE update_warehouse(id IN NUMBER, warehouse IN warehouse_type) AS
    BEGIN 
        warehouse_pkg.check_if_warehouse_exists(id);
        warehouse_pkg.check_null(warehouse);
        warehouse_pkg.check_len(warehouse);
        UPDATE warehouses SET name = warehouse.name, address = warehouse.address 
        WHERE warehouse_id = id;
    END;
    
    -- Deletes a warehouse with the specified ID.
    -- id -> IN  - ID of the warehouse to be deleted.
    PROCEDURE delete_warehouse(id IN NUMBER) AS 
    BEGIN 
        warehouse_pkg.check_if_warehouse_exists(id);
        DELETE FROM warehouses WHERE warehouse_id = id;
    END;
    
    -- Retrieves warehouse data for the specified ID.
    -- id -> IN  - ID of the warehouse to be retrieved.
    -- RETURN -> warehouse_type - Data of type warehouse_type for the specified warehouse ID.
    FUNCTION get_warehouse(id IN NUMBER) RETURN warehouse_type AS 
        warehouse           warehouse_type;
        vname               VARCHAR2(30);
        vaddress            VARCHAR2(30);
    BEGIN 
        warehouse_pkg.check_if_warehouse_exists(id);
        SELECT name, address INTO vname, vaddress FROM warehouses
        WHERE warehouse_id = id;
        warehouse := warehouse_type(vname, vaddress);
        RETURN warehouse;
    END;
    
    -- Inserts a new product into a warehouse with an initial quantity.
    -- vwarehouseid  -> IN  - Warehouse ID where the product is inserted.
    -- vproductid    -> IN  - Product ID to be inserted.
    -- initial_quant -> IN  - Initial quantity of the product in the warehouse.
    PROCEDURE insert_product_into_warehouse(vwarehouseid IN NUMBER, vproductid IN NUMBER, initial_quant IN NUMBER) AS
        count_prod NUMBER;
    BEGIN 
        warehouse_pkg.check_if_warehouse_exists(vwarehouseid);
        product_pkg.check_if_product_exists(vproductid);
        IF initial_quant < 0 THEN 
            RAISE_APPLICATION_ERROR(-20001, 'Initial quantity must not be negative');
        END IF;
        SELECT COUNT(*) INTO count_prod FROM products_warehouses 
        WHERE product_id = vproductid;
        IF count_prod > 0 THEN 
            RAISE_APPLICATION_ERROR(-20001, 'Product already in warehouse');
        END IF;
        INSERT INTO products_warehouses (warehouse_id, product_id, quantity) 
        VALUES (vwarehouseid, vproductid, initial_quant);
    END;

    -- Updates the stock quantity for a product in a warehouse.
    -- vwarehouseid -> IN  - Warehouse ID where the stock is updated.
    -- vproductid   -> IN  - Product ID for which the stock is updated.
    -- vquantity    -> IN  - New quantity of the product in the warehouse.
    PROCEDURE update_stock(vwarehouseid IN NUMBER, vproductid IN NUMBER, vquantity IN NUMBER) AS
    BEGIN 
        warehouse_pkg.check_if_warehouse_exists(vwarehouseid);
        product_pkg.check_if_product_exists(vproductid);
        IF vquantity < 0 THEN 
            RAISE_APPLICATION_ERROR(-20001, 'Quantity cannot be negative');
        END IF;
        UPDATE products_warehouses SET quantity = vquantity 
        WHERE warehouse_id = vwarehouseid AND product_id = vproductid;
        EXCEPTION 
            WHEN value_error THEN 
                RAISE_APPLICATION_ERROR(-20001, 'Invalid quantity, try another number');
    END;

    -- Retrieves an array of all warehouse IDs.
    -- RETURN -> number_array - Array containing all warehouse IDs.
    FUNCTION get_all_warehouses RETURN number_array AS 
        warehouses_arr number_array;
    BEGIN 
        warehouses_arr := number_array();
        SELECT warehouse_id BULK COLLECT INTO warehouses_arr FROM warehouses;
        IF warehouses_arr.COUNT = 0 THEN 
            RAISE_APPLICATION_ERROR(-20001, 'No warehouses to find');
        END IF;
        RETURN warehouses_arr;
    END;
    
    -- Retrieves the total stock quantity for the specified warehouse.
    -- id -> IN  - ID of the warehouse for which stock quantity is retrieved.
    -- RETURN -> NUMBER - Total stock quantity for the specified warehouse.
    FUNCTION get_stock(id IN NUMBER) RETURN NUMBER AS
        stock NUMBER;
    BEGIN 
        product_pkg.check_if_product_exists(id);
        SELECT SUM(quantity) INTO stock FROM products_warehouses 
        WHERE product_id = id;
        RETURN stock;
    END;
END warehouse_pkg;
/

/*******************************************************************************
SPECIAL TRIGGERS
********************************************************************************/
CREATE TRIGGER validate_stock
BEFORE INSERT OR UPDATE 
ON orders_products
FOR EACH ROW
DECLARE 
    stock   NUMBER;
BEGIN 
    SELECT SUM(quantity) INTO stock FROM products_warehouses WHERE 
    product_id = :NEW.product_id;
    IF :NEW.quantity > stock THEN 
        RAISE order_pkg.depleted_stock;
    END IF;
    UPDATE products_warehouses SET quantity = quantity - :NEW.quantity WHERE warehouse_id = 
        (SELECT warehouse_id FROM products_warehouses WHERE product_id = :NEW.product_id ORDER BY quantity ASC FETCH FIRST ROW ONLY)
    AND product_id = :NEW.product_id;
END;
/

/*******************************************************************************
TEST DATA
*******************************************************************************/
INSERT INTO admins (password) VALUES ('admin');

INSERT INTO customers (firstname, lastname, email, address, password) VALUES ('alex', 'brown', 'alex@gmail.com', '090 boul saint laurent, montreal, quebec, canada', 'password');
INSERT INTO customers (firstname, lastname, email, address, password) VALUES ('Amanda', 'Harry', 'am.harry@yahioo.com', '100 boul saint laurent, montreal, quebec, canada', 'password');
INSERT INTO customers (firstname, lastname, email, address, password) VALUES ('daneil', 'hanne', 'daneil@yahoo.com', '100 atwater street, toronto, canada', 'password');
INSERT INTO customers (firstname, lastname, email, address, password) VALUES ('Jack', 'Jonhson', 'johnson.a@gmail.com', 'Calgary, Alberta, Canada', 'password');
INSERT INTO customers (firstname, lastname, email, address, password) VALUES ('John', 'belle', 'abcd@yahoo.com', '105 Young street, toronto, canada', 'password');
INSERT INTO customers (firstname, lastname, email, address, password) VALUES ('John', 'boura', 'bdoura@gmail.com', '100 Young street, toronto, canada', 'password');
INSERT INTO customers (firstname, lastname, email, address, password) VALUES ('mahsa', 'sadeghi', 'msadeghi@dawsoncollege.qc.ca', 'dawson college, montreal, quebec, canada', 'password');
INSERT INTO customers (firstname, lastname, email, address, password) VALUES ('martin', 'Li', 'm.li@gmail.com', '87 boul saint laurent, montreal, quebec, canada', 'password');
INSERT INTO customers (firstname, lastname, email, address, password) VALUES ('martin', 'alexandre', 'marting@yahoo.com', 'brossard, quebec, canada', 'password');
INSERT INTO customers (firstname, lastname, email, address, password) VALUES ('Noah', 'Garcia', 'g.noah@yahoo.com', '22222 happy street, Laval, quebec, canada', 'password');
INSERT INTO customers (firstname, lastname, email, address, password) VALUES ('olivia', 'smith', 'smith@hotmail.com', '76 boul decalthon, laval, quebec, canada', 'password');
--
INSERT INTO categories (category) VALUES ('Beauty');
INSERT INTO categories (category) VALUES ('Cars');
INSERT INTO categories (category) VALUES ('DVD');
INSERT INTO categories (category) VALUES ('Electronics');
INSERT INTO categories (category) VALUES ('Grocery');
INSERT INTO categories (category) VALUES ('Health');
INSERT INTO categories (category) VALUES ('Toys');
INSERT INTO categories (category) VALUES ('Vehicle');
INSERT INTO categories (category) VALUES ('Video Games');
--
INSERT INTO warehouses (name, address) VALUES ('Warehouse A','100 rue William, saint laurent, Quebec, Canada');
INSERT INTO warehouses (name, address) VALUES ('Warehouse B', '304 Rue Franois-Perrault, Villera Saint-Michel, Montral, QC');
INSERT INTO warehouses (name, address) VALUES ('Warehouse C', '86700 Weston Rd, Toronto, Canada');
INSERT INTO warehouses (name, address) VALUES ('Warehouse D', '170  Sideroad, Quebec City, Canada');
INSERT INTO warehouses (name, address) VALUES ('Warehouse E', '1231 Trudea road, Ottawa, Canada ');
INSERT INTO warehouses (name, address) VALUES ('Warehouse F', '16  Whitlock Rd, Alberta, Canada');

INSERT INTO products (category_id, name) VALUES (1, 'paper towel'); -- 1
INSERT INTO products (category_id, name) VALUES (2, 'BMW i6'); -- 2
INSERT INTO products (category_id, name) VALUES (3, 'Barbie Movie'); -- 3
INSERT INTO products (category_id, name) VALUES (4, 'laptop ASUS 104S'); -- 4
INSERT INTO products (category_id, name) VALUES (4, 'PS5'); -- 5
INSERT INTO products (category_id, name) VALUES (5, 'apple'); -- 6
INSERT INTO products (category_id, name) VALUES (5, 'chicken'); -- 7
INSERT INTO products (category_id, name) VALUES (5, 'orange'); -- 8
INSERT INTO products (category_id, name) VALUES (5, 'pasta'); -- 9
INSERT INTO products (category_id, name) VALUES (5, 'plum'); -- 10
INSERT INTO products (category_id, name) VALUES (6, 'L`Oreal Normal Hair'); -- 11
INSERT INTO products (category_id, name) VALUES (7, 'BMW iX Lego'); -- 12
INSERT INTO products (category_id, name) VALUES (7, 'Lamborghini Lego'); -- 13
INSERT INTO products (category_id, name) VALUES (8, 'Truck 500c'); -- 14
INSERT INTO products (category_id, name) VALUES (9, 'SIMS CD'); -- 15
--
INSERT INTO products_warehouses (warehouse_id, product_id, quantity) VALUES (1, 2, 6);
INSERT INTO products_warehouses (warehouse_id, product_id, quantity) VALUES (1, 13, 10);
INSERT INTO products_warehouses (warehouse_id, product_id, quantity) VALUES (1, 4, 1000);
INSERT INTO products_warehouses (warehouse_id, product_id, quantity) VALUES (1, 9, 2132);
INSERT INTO products_warehouses (warehouse_id, product_id, quantity) VALUES (2, 6, 24980);
INSERT INTO products_warehouses (warehouse_id, product_id, quantity) VALUES (2, 1, 39484);
INSERT INTO products_warehouses (warehouse_id, product_id, quantity) VALUES (3, 11, 43242);
INSERT INTO products_warehouses (warehouse_id, product_id, quantity) VALUES (3, 15, 103);
INSERT INTO products_warehouses (warehouse_id, product_id, quantity) VALUES (4, 8, 35405);
INSERT INTO products_warehouses (warehouse_id, product_id, quantity) VALUES (4, 11, 6579);
INSERT INTO products_warehouses (warehouse_id, product_id, quantity) VALUES (4, 5, 123);
INSERT INTO products_warehouses (warehouse_id, product_id, quantity) VALUES (5, 3, 40);
INSERT INTO products_warehouses (warehouse_id, product_id, quantity) VALUES (5, 14, 98765);
INSERT INTO products_warehouses (warehouse_id, product_id, quantity) VALUES (5, 15, 1000);
INSERT INTO products_warehouses (warehouse_id, product_id, quantity) VALUES (6, 7, 43523);
INSERT INTO products_warehouses (warehouse_id, product_id, quantity) VALUES (6, 12, 450);
INSERT INTO products_warehouses (warehouse_id, product_id, quantity) VALUES (6, 1, 3532);
--
INSERT INTO stores (name) VALUES ('dawson store');
INSERT INTO stores (name) VALUES ('dealer montreal');
INSERT INTO stores (name) VALUES ('Dealer one'); 
INSERT INTO stores (name) VALUES ('marche adonis'); 
INSERT INTO stores (name) VALUES ('marche atwater'); 
INSERT INTO stores (name) VALUES ('movie start'); 
INSERT INTO stores (name) VALUES ('movie store');
INSERT INTO stores (name) VALUES ('star store'); 
INSERT INTO stores (name) VALUES ('store magic'); 
INSERT INTO stores (name) VALUES ('super rue champlain'); 
INSERT INTO stores (name) VALUES ('toy r us'); 
--
INSERT INTO products_stores (product_id, store_id, price) VALUES (1, 6, 50);
INSERT INTO products_stores (product_id, store_id, price) VALUES (2, 3, 50000);
INSERT INTO products_stores (product_id, store_id, price) VALUES (3, 7, 30);
INSERT INTO products_stores (product_id, store_id, price) VALUES (3, 11, 45);
INSERT INTO products_stores (product_id, store_id, price) VALUES (4, 4, 970);
INSERT INTO products_stores (product_id, store_id, price) VALUES (5, 8, 200);
INSERT INTO products_stores (product_id, store_id, price) VALUES (6, 5, 10);
INSERT INTO products_stores (product_id, store_id, price) VALUES (7, 4, 9.5);
INSERT INTO products_stores (product_id, store_id, price) VALUES (8, 9, 2);
INSERT INTO products_stores (product_id, store_id, price) VALUES (9, 5, 13.5);
INSERT INTO products_stores (product_id, store_id, price) VALUES (9, 9, 15);
INSERT INTO products_stores (product_id, store_id, price) VALUES (10, 5, 10);
INSERT INTO products_stores (product_id, store_id, price) VALUES (11, 10, 10);
INSERT INTO products_stores (product_id, store_id, price) VALUES (12, 11, 40);
INSERT INTO products_stores (product_id, store_id, price) VALUES (13, 11, 40);
INSERT INTO products_stores (product_id, store_id, price) VALUES (14, 2, 856600);
INSERT INTO products_stores (product_id, store_id, price) VALUES (15, 1, 50);
INSERT INTO products_stores (product_id, store_id, price) VALUES (15, 7, 16);
--
INSERT INTO orders (customer_id, store_id, order_date) VALUES (1, 11, TO_DATE('10/02/2023', 'MM/DD/YYYY')); -- 1
INSERT INTO orders (customer_id, store_id, order_date) VALUES (1, 7, TO_DATE('10/23/2023', 'MM/DD/YYYY')); --2
INSERT INTO orders (customer_id, store_id, order_date) VALUES (2, 6, TO_DATE('10/11/2023', 'MM/DD/YYYY')); -- 3
INSERT INTO orders (customer_id, store_id, order_date) VALUES (3, 9, TO_DATE('10/23/2023', 'MM/DD/YYYY')); -- 4
INSERT INTO orders (customer_id, store_id, order_date) VALUES (4, 5, TO_DATE('05/06/2023', 'MM/DD/YYYY')); -- 5
INSERT INTO orders (customer_id, store_id, order_date) VALUES (5, 3, TO_DATE('08/10/2023', 'MM/DD/YYYY')); -- 6
INSERT INTO orders (customer_id, store_id, order_date) VALUES (6, 3, TO_DATE('10/10/2023', 'MM/DD/YYYY')); -- 7
INSERT INTO orders (customer_id, store_id, order_date) VALUES (7, 11, TO_DATE('10/11/2023', 'MM/DD/YYYY')); -- 8
INSERT INTO orders (customer_id, store_id, order_date) VALUES (7, 5, TO_DATE('05/06/2023', 'MM/DD/YYYY')); -- 9
INSERT INTO orders (customer_id, store_id, order_date) VALUES (7, 4, TO_DATE('04/21/2023', 'MM/DD/YYYY')); -- 10
INSERT INTO orders (customer_id, store_id, order_date) VALUES (7, 11, TO_DATE('10/07/2023', 'MM/DD/YYYY')); -- 11
INSERT INTO orders (customer_id, store_id, order_date) VALUES (8, 4, TO_DATE('04/03/2023', 'MM/DD/YYYY')); -- 12
INSERT INTO orders (customer_id, store_id, order_date) VALUES (9, 10, TO_DATE('10/10/2023', 'MM/DD/YYYY')); -- 13 
INSERT INTO orders (customer_id, store_id, order_date) VALUES (9, 10, TO_DATE('09/12/2019', 'MM/DD/YYYY')); -- 14
INSERT INTO orders (customer_id, store_id, order_date) VALUES (9, 1, TO_DATE('10/01/2023', 'MM/DD/YYYY')); -- 15
INSERT INTO orders (customer_id, store_id, order_date) VALUES (10, 8, TO_DATE('01/20/2020', 'MM/DD/YYYY')); -- 16
INSERT INTO orders (customer_id, store_id, order_date) VALUES (11, 9, TO_DATE('12/29/2021', 'MM/DD/YYYY')); -- 17
--
INSERT INTO orders_products (order_id, product_id, quantity) VALUES (1, 3, 1);
INSERT INTO orders_products (order_id, product_id, quantity) VALUES (2, 6, 2);
INSERT INTO orders_products (order_id, product_id, quantity) VALUES (2, 3, 1);
INSERT INTO orders_products (order_id, product_id, quantity) VALUES (2, 15, 1);
INSERT INTO orders_products (order_id, product_id, quantity) VALUES (3, 1, 3);
INSERT INTO orders_products (order_id, product_id, quantity) VALUES (4, 8, 1);
INSERT INTO orders_products (order_id, product_id, quantity) VALUES (5, 10, 6);
INSERT INTO orders_products (order_id, product_id, quantity) VALUES (6, 2, 1);
INSERT INTO orders_products (order_id, product_id, quantity) VALUES (7, 2, 1);
INSERT INTO orders_products (order_id, product_id, quantity) VALUES (8, 13, 1);
INSERT INTO orders_products (order_id, product_id, quantity) VALUES (8, 12, 2);
INSERT INTO orders_products (order_id, product_id, quantity) VALUES (9, 10, 7);
INSERT INTO orders_products (order_id, product_id, quantity) VALUES (10, 4, 1);
INSERT INTO orders_products (order_id, product_id, quantity) VALUES (11, 13, 2);
INSERT INTO orders_products (order_id, product_id, quantity) VALUES (12, 7, 1);
INSERT INTO orders_products (order_id, product_id, quantity) VALUES (13, 11, 3);
INSERT INTO orders_products (order_id, product_id, quantity) VALUES (14, 15, 3);
INSERT INTO orders_products (order_id, product_id, quantity) VALUES (15, 11, 1);
INSERT INTO orders_products (order_id, product_id, quantity) VALUES (16, 5, 1);
INSERT INTO orders_products (order_id, product_id, quantity) VALUES (17, 9, 6);
--
INSERT INTO reviews (customer_id, product_id, flags, rating, description) VALUES (1, 6, 0, 3, 'Not good');
INSERT INTO reviews (customer_id, product_id, flags, rating, description) VALUES (1, 3, 0, 1, 'Hated it');
INSERT INTO reviews (customer_id, product_id, flags, rating, description) VALUES (1, 15, 0, 1, 'sucks');
INSERT INTO reviews (customer_id, product_id, flags, rating, description) VALUES (2, 1, 0, 5, 'good !');
INSERT INTO reviews (customer_id, product_id, flags, rating, description) VALUES (3, 8, 0, 5, 'delicious');
INSERT INTO reviews (customer_id, product_id, flags, rating, description) VALUES (4, 10, 0, 4, 'yum!');
INSERT INTO reviews (customer_id, product_id, flags, rating, description) VALUES (5, 2, 1, 5, 'women love it');
INSERT INTO reviews (customer_id, product_id, flags, rating, description) VALUES (6, 2, 1, 5, 'trash');
INSERT INTO reviews (customer_id, product_id, flags, rating, description) VALUES (7, 4, 0, 4, 'it was affordable');
INSERT INTO reviews (customer_id, product_id, flags, rating, description) VALUES (7, 12, 0, 1, 'missing pieces');
INSERT INTO reviews (customer_id, product_id, flags, rating, description) VALUES (7, 13, 0, 1, 'again missing pieces');
INSERT INTO reviews (customer_id, product_id, flags, rating, description) VALUES (7, 10, 0, 4, 'good!');
INSERT INTO reviews (customer_id, product_id, flags, rating, description) VALUES (8, 5, 0, 4, 'good quality');
INSERT INTO reviews (customer_id, product_id, flags, rating, description) VALUES (9, 15, 1, 2, 'terrible');
INSERT INTO reviews (customer_id, product_id, flags, rating, description) VALUES (9, 11, 0, 1, 'not worth the price');
INSERT INTO reviews (customer_id, product_id, flags, rating, description) VALUES (10, 5, 0, 5, 'awesome!');
INSERT INTO reviews (customer_id, product_id, flags, rating, description) VALUES (11, 9, 0, 5, 'good!');

COMMIT;
/